{"cameraMode":{"drawMode":0,"name":"Shaded","section":"Shading Mode"},"sceneLighting":true,"audioPlay":false,"sceneViewState":{"showFog":true,"showMaterialUpdate":true,"showSkybox":true,"showFlares":true,"showImageEffects":true,"showParticleSystems":true},"in2DMode":false,"pivot":{"x":4.765770435333252,"y":1.0056841373443604,"z":4.142491340637207},"rotation":{"x":0.013344896025955677,"y":-0.9843990206718445,"z":0.08585939556360245,"w":0.15300312638282777},"size":3.9008634090423586,"orthographic":false}