{"cameraMode":{"drawMode":0,"name":"Shaded","section":"Shading Mode"},"sceneLighting":true,"audioPlay":false,"sceneViewState":{"showFog":true,"showMaterialUpdate":true,"showSkybox":true,"showFlares":true,"showImageEffects":true,"showParticleSystems":true},"in2DMode":false,"pivot":{"x":4.412358283996582,"y":0.4455282688140869,"z":4.001021385192871},"rotation":{"x":-0.0779179260134697,"y":-0.008982640691101551,"z":0.0007016714662313461,"w":-0.9969203472137451},"size":2.2281293869018556,"orthographic":false}