{"cameraMode":{"drawMode":0,"name":"Shaded","section":"Shading Mode"},"sceneLighting":true,"audioPlay":false,"sceneViewState":{"showFog":true,"showMaterialUpdate":true,"showSkybox":true,"showFlares":true,"showImageEffects":true,"showParticleSystems":true},"in2DMode":false,"pivot":{"x":0.03989874944090843,"y":1.0218263864517213,"z":-0.19569987058639527},"rotation":{"x":0.0007077868795022368,"y":0.9985887408256531,"z":-0.051282331347465518,"w":0.013782357797026635},"size":0.6023598909378052,"orthographic":false}