{"cameraMode":{"drawMode":0,"name":"Shaded","section":"Shading Mode"},"sceneLighting":true,"audioPlay":false,"sceneViewState":{"showFog":true,"showMaterialUpdate":true,"showSkybox":true,"showFlares":true,"showImageEffects":true,"showParticleSystems":true},"in2DMode":false,"pivot":{"x":0.4628596603870392,"y":1.3454358577728272,"z":2.7995212078094484},"rotation":{"x":0.03470312058925629,"y":0.9278573989868164,"z":-0.3604157865047455,"w":0.08935005217790604},"size":2.188936233520508,"orthographic":false}