{"cameraMode":{"drawMode":0,"name":"Shaded","section":"Shading Mode"},"sceneLighting":true,"audioPlay":false,"sceneViewState":{"showFog":true,"showMaterialUpdate":true,"showSkybox":true,"showFlares":true,"showImageEffects":true,"showParticleSystems":true},"in2DMode":false,"pivot":{"x":0.04201555624604225,"y":1.0498497486114503,"z":-0.21622362732887269},"rotation":{"x":0.000039753900637151673,"y":0.9999600052833557,"z":-0.006309542804956436,"w":0.006300794892013073},"size":0.4359140992164612,"orthographic":false}