{"cameraMode":{"drawMode":0,"name":"Shaded","section":"Shading Mode"},"sceneLighting":true,"audioPlay":false,"sceneViewState":{"showFog":true,"showMaterialUpdate":true,"showSkybox":true,"showFlares":true,"showImageEffects":true,"showParticleSystems":true},"in2DMode":false,"pivot":{"x":0.0403161384165287,"y":1.0339570045471192,"z":-0.20088350772857667},"rotation":{"x":0.0009473853278905153,"y":-0.9968670606613159,"z":0.07822418212890625,"w":0.011938560754060746},"size":0.3594766855239868,"orthographic":false}